seq,host_time,event_type,error_class,code,source,level,message_key,context
13361,2026-09-16 00:04:29.426,LinkError,LinkDown,MODBUS.LINK,Device,Error,ss.error.comm,"device=IM-01, transport=lineA, unit=1, InputRegister@0, elapsed=1000ms, consecutive=11"
26462,2026-09-16 00:09:30.547,TimeoutError,Transient,MODBUS.TIMEOUT,Device,Error,ss.error.comm,"device=IM-01, transport=lineA, unit=1, InputRegister@0, elapsed=2110ms, consecutive=11"
26536,2026-09-16 00:09:32.642,TimeoutError,Transient,MODBUS.TIMEOUT,Device,Error,ss.error.comm,"device=IM-01, transport=lineA, unit=1, DiscreteInput@1, elapsed=2094ms, consecutive=3"
39507,2026-09-16 00:14:31.799,TimeoutError,Transient,MODBUS.TIMEOUT,Device,Error,ss.error.comm,"device=GW-LINE-B, transport=lineB, unit=2, InputRegister@52, elapsed=2094ms, consecutive=1"
39578,2026-09-16 00:14:33.892,TimeoutError,Transient,MODBUS.TIMEOUT,Device,Error,ss.error.comm,"device=GW-LINE-B, transport=lineB, unit=3, InputRegister@9, elapsed=2094ms, consecutive=2"
39648,2026-09-16 00:14:35.986,TimeoutError,Transient,MODBUS.TIMEOUT,Device,Error,ss.error.comm,"device=GW-LINE-B, transport=lineB, unit=3, InputRegister@52, elapsed=2093ms, consecutive=1"
39706,2026-09-16 00:14:38.079,TimeoutError,Transient,MODBUS.TIMEOUT,Device,Error,ss.error.comm,"device=GW-LINE-B, transport=lineB, unit=3, HoldingRegister@8, elapsed=2094ms, consecutive=1"
39763,2026-09-16 00:14:40.173,TimeoutError,Transient,MODBUS.TIMEOUT,Device,Error,ss.error.comm,"device=GW-LINE-B, transport=lineB, unit=3, HoldingRegister@24, elapsed=2094ms, consecutive=1"
39837,2026-09-16 00:14:42.267,TimeoutError,Transient,MODBUS.TIMEOUT,Device,Error,ss.error.comm,"device=GW-LINE-B, transport=lineB, unit=4, InputRegister@22, elapsed=2094ms, consecutive=1"
39889,2026-09-16 00:14:44.360,TimeoutError,Transient,MODBUS.TIMEOUT,Device,Error,ss.error.comm,"device=GW-LINE-B, transport=lineB, unit=4, HoldingRegister@1, elapsed=2093ms, consecutive=1"
39935,2026-09-16 00:14:46.455,TimeoutError,Transient,MODBUS.TIMEOUT,Device,Error,ss.error.comm,"device=GW-LINE-B, transport=lineB, unit=4, HoldingRegister@10, elapsed=2094ms, consecutive=1"
40000,2026-09-16 00:14:48.548,TimeoutError,Transient,MODBUS.TIMEOUT,Device,Error,ss.error.comm,"device=GW-LINE-B, transport=lineB, unit=2, InputRegister@2, elapsed=2094ms, consecutive=8"
40133,2026-09-16 00:14:52.845,TimeoutError,Transient,MODBUS.TIMEOUT,Device,Error,ss.error.comm,"device=GW-LINE-B, transport=lineB, unit=4, DiscreteInput@4, elapsed=2094ms, consecutive=1"
40235,2026-09-16 00:14:56.048,TimeoutError,Transient,MODBUS.TIMEOUT,Device,Error,ss.error.comm,"device=GW-LINE-B, transport=lineB, unit=2, InputRegister@52, elapsed=2094ms, consecutive=1"
40287,2026-09-16 00:14:58.143,TimeoutError,Transient,MODBUS.TIMEOUT,Device,Error,ss.error.comm,"device=GW-LINE-B, transport=lineB, unit=2, HoldingRegister@1, elapsed=2094ms, consecutive=1"
40408,2026-09-16 00:15:01.329,TimeoutError,Transient,MODBUS.TIMEOUT,Device,Error,ss.error.comm,"device=GW-LINE-B, transport=lineB, unit=3, InputRegister@52, elapsed=2094ms, consecutive=1"
40472,2026-09-16 00:15:03.424,TimeoutError,Transient,MODBUS.TIMEOUT,Device,Error,ss.error.comm,"device=GW-LINE-B, transport=lineB, unit=3, HoldingRegister@8, elapsed=2094ms, consecutive=1"
40569,2026-09-16 00:15:06.626,TimeoutError,Transient,MODBUS.TIMEOUT,Device,Error,ss.error.comm,"device=GW-LINE-B, transport=lineB, unit=4, InputRegister@60, elapsed=2094ms, consecutive=1"
40636,2026-09-16 00:15:08.720,TimeoutError,Transient,MODBUS.TIMEOUT,Device,Error,ss.error.comm,"device=GW-LINE-B, transport=lineB, unit=4, HoldingRegister@1, elapsed=2094ms, consecutive=1"
40694,2026-09-16 00:15:10.818,TimeoutError,Transient,MODBUS.TIMEOUT,Device,Error,ss.error.comm,"device=GW-LINE-B, transport=lineB, unit=4, HoldingRegister@10, elapsed=2093ms, consecutive=1"
40829,2026-09-16 00:15:15.112,TimeoutError,Transient,MODBUS.TIMEOUT,Device,Error,ss.error.comm,"device=GW-LINE-B, transport=lineB, unit=3, InputRegister@2, elapsed=2093ms, consecutive=7"
40898,2026-09-16 00:15:17.205,TimeoutError,Transient,MODBUS.TIMEOUT,Device,Error,ss.error.comm,"device=GW-LINE-B, transport=lineB, unit=3, HoldingRegister@0, elapsed=2094ms, consecutive=1"
40982,2026-09-16 00:15:19.299,TimeoutError,Transient,MODBUS.TIMEOUT,Device,Error,ss.error.comm,"device=GW-LINE-B, transport=lineB, unit=4, DiscreteInput@4, elapsed=2094ms, consecutive=1"
41045,2026-09-16 00:15:21.392,TimeoutError,Transient,MODBUS.TIMEOUT,Device,Error,ss.error.comm,"device=GW-LINE-B, transport=lineB, unit=4, InputRegister@2, elapsed=2094ms, consecutive=11"
41147,2026-09-16 00:15:24.579,TimeoutError,Transient,MODBUS.TIMEOUT,Device,Error,ss.error.comm,"device=GW-LINE-B, transport=lineB, unit=2, HoldingRegister@1, elapsed=2094ms, consecutive=1"
41229,2026-09-16 00:15:27.766,TimeoutError,Transient,MODBUS.TIMEOUT,Device,Error,ss.error.comm,"device=GW-LINE-B, transport=lineB, unit=3, InputRegister@9, elapsed=2094ms, consecutive=2"
41350,2026-09-16 00:15:32.054,TimeoutError,Transient,MODBUS.TIMEOUT,Device,Error,ss.error.comm,"device=GW-LINE-B, transport=lineB, unit=4, InputRegister@16, elapsed=2094ms, consecutive=1"
41449,2026-09-16 00:15:35.270,TimeoutError,Transient,MODBUS.TIMEOUT,Device,Error,ss.error.comm,"device=GW-LINE-B, transport=lineB, unit=2, DiscreteInput@0, elapsed=2094ms, consecutive=2"
41600,2026-09-16 00:15:39.548,TimeoutError,Transient,MODBUS.TIMEOUT,Device,Error,ss.error.comm,"device=GW-LINE-B, transport=lineB, unit=2, HoldingRegister@0, elapsed=2094ms, consecutive=1"
41741,2026-09-16 00:15:43.830,TimeoutError,Transient,MODBUS.TIMEOUT,Device,Error,ss.error.comm,"device=GW-LINE-B, transport=lineB, unit=4, DiscreteInput@4, elapsed=2094ms, consecutive=1"
41814,2026-09-16 00:15:45.923,TimeoutError,Transient,MODBUS.TIMEOUT,Device,Error,ss.error.comm,"device=GW-LINE-B, transport=lineB, unit=2, InputRegister@52, elapsed=2094ms, consecutive=1"
41920,2026-09-16 00:15:49.110,TimeoutError,Transient,MODBUS.TIMEOUT,Device,Error,ss.error.comm,"device=GW-LINE-B, transport=lineB, unit=2, HoldingRegister@8, elapsed=2093ms, consecutive=2"
42032,2026-09-16 00:15:52.298,TimeoutError,Transient,MODBUS.TIMEOUT,Device,Error,ss.error.comm,"device=GW-LINE-B, transport=lineB, unit=4, InputRegister@16, elapsed=2094ms, consecutive=1"
42100,2026-09-16 00:15:54.392,TimeoutError,Transient,MODBUS.TIMEOUT,Device,Error,ss.error.comm,"device=GW-LINE-B, transport=lineB, unit=4, InputRegister@22, elapsed=2094ms, consecutive=1"
42203,2026-09-16 00:15:57.596,TimeoutError,Transient,MODBUS.TIMEOUT,Device,Error,ss.error.comm,"device=GW-LINE-B, transport=lineB, unit=4, DiscreteInput@4, elapsed=2094ms, consecutive=1"
42273,2026-09-16 00:15:59.689,TimeoutError,Transient,MODBUS.TIMEOUT,Device,Error,ss.error.comm,"device=GW-LINE-B, transport=lineB, unit=2, InputRegister@10, elapsed=2093ms, consecutive=2"
42403,2026-09-16 00:16:03.972,TimeoutError,Transient,MODBUS.TIMEOUT,Device,Error,ss.error.comm,"device=GW-LINE-B, transport=lineB, unit=3, InputRegister@9, elapsed=2094ms, consecutive=2"
42463,2026-09-16 00:16:06.064,TimeoutError,Transient,MODBUS.TIMEOUT,Device,Error,ss.error.comm,"device=GW-LINE-B, transport=lineB, unit=3, HoldingRegister@8, elapsed=2093ms, consecutive=1"
42634,2026-09-16 00:16:11.439,TimeoutError,Transient,MODBUS.TIMEOUT,Device,Error,ss.error.comm,"device=GW-LINE-B, transport=lineB, unit=4, HoldingRegister@1, elapsed=2093ms, consecutive=1"
42766,2026-09-16 00:16:15.736,TimeoutError,Transient,MODBUS.TIMEOUT,Device,Error,ss.error.comm,"device=GW-LINE-B, transport=lineB, unit=3, InputRegister@2, elapsed=2093ms, consecutive=7"
42891,2026-09-16 00:16:20.017,TimeoutError,Transient,MODBUS.TIMEOUT,Device,Error,ss.error.comm,"device=GW-LINE-B, transport=lineB, unit=4, InputRegister@2, elapsed=2094ms, consecutive=11"
42963,2026-09-16 00:16:22.125,TimeoutError,Transient,MODBUS.TIMEOUT,Device,Error,ss.error.comm,"device=GW-LINE-B, transport=lineB, unit=3, InputRegister@52, elapsed=2094ms, consecutive=1"
43090,2026-09-16 00:16:26.407,TimeoutError,Transient,MODBUS.TIMEOUT,Device,Error,ss.error.comm,"device=GW-LINE-B, transport=lineB, unit=4, InputRegister@60, elapsed=2094ms, consecutive=1"
43194,2026-09-16 00:16:30.692,TimeoutError,Transient,MODBUS.TIMEOUT,Device,Error,ss.error.comm,"device=GW-LINE-B, transport=lineB, unit=2, InputRegister@18, elapsed=2093ms, consecutive=1"
43245,2026-09-16 00:16:32.783,TimeoutError,Transient,MODBUS.TIMEOUT,Device,Error,ss.error.comm,"device=GW-LINE-B, transport=lineB, unit=3, InputRegister@2, elapsed=2094ms, consecutive=7"
43354,2026-09-16 00:16:35.970,TimeoutError,Transient,MODBUS.TIMEOUT,Device,Error,ss.error.comm,"device=GW-LINE-B, transport=lineB, unit=4, DiscreteInput@4, elapsed=2094ms, consecutive=1"
43477,2026-09-16 00:16:40.268,TimeoutError,Transient,MODBUS.TIMEOUT,Device,Error,ss.error.comm,"device=GW-LINE-B, transport=lineB, unit=3, InputRegister@52, elapsed=2094ms, consecutive=1"
43542,2026-09-16 00:16:42.360,TimeoutError,Transient,MODBUS.TIMEOUT,Device,Error,ss.error.comm,"device=GW-LINE-B, transport=lineB, unit=3, HoldingRegister@24, elapsed=2093ms, consecutive=1"
43599,2026-09-16 00:16:44.455,TimeoutError,Transient,MODBUS.TIMEOUT,Device,Error,ss.error.comm,"device=GW-LINE-B, transport=lineB, unit=4, HoldingRegister@1, elapsed=2094ms, consecutive=1"
43645,2026-09-16 00:16:46.549,TimeoutError,Transient,MODBUS.TIMEOUT,Device,Error,ss.error.comm,"device=GW-LINE-B, transport=lineB, unit=2, DiscreteInput@0, elapsed=2094ms, consecutive=2"
43735,2026-09-16 00:16:49.783,TimeoutError,Transient,MODBUS.TIMEOUT,Device,Error,ss.error.comm,"device=GW-LINE-B, transport=lineB, unit=3, InputRegister@15, elapsed=2094ms, consecutive=2"
43784,2026-09-16 00:16:51.877,TimeoutError,Transient,MODBUS.TIMEOUT,Device,Error,ss.error.comm,"device=GW-LINE-B, transport=lineB, unit=4, DiscreteInput@4, elapsed=2094ms, consecutive=1"
43848,2026-09-16 00:16:53.970,TimeoutError,Transient,MODBUS.TIMEOUT,Device,Error,ss.error.comm,"device=GW-LINE-B, transport=lineB, unit=2, HoldingRegister@8, elapsed=2094ms, consecutive=2"
43911,2026-09-16 00:16:56.065,TimeoutError,Transient,MODBUS.TIMEOUT,Device,Error,ss.error.comm,"device=GW-LINE-B, transport=lineB, unit=3, InputRegister@9, elapsed=2093ms, consecutive=2"
43967,2026-09-16 00:16:58.158,TimeoutError,Transient,MODBUS.TIMEOUT,Device,Error,ss.error.comm,"device=GW-LINE-B, transport=lineB, unit=3, InputRegister@52, elapsed=2094ms, consecutive=1"
44065,2026-09-16 00:17:01.361,TimeoutError,Transient,MODBUS.TIMEOUT,Device,Error,ss.error.comm,"device=GW-LINE-B, transport=lineB, unit=4, InputRegister@60, elapsed=2093ms, consecutive=1"
44177,2026-09-16 00:17:04.551,TimeoutError,Transient,MODBUS.TIMEOUT,Device,Error,ss.error.comm,"device=GW-LINE-B, transport=lineB, unit=2, InputRegister@18, elapsed=2094ms, consecutive=1"
44240,2026-09-16 00:17:06.660,TimeoutError,Transient,MODBUS.TIMEOUT,Device,Error,ss.error.comm,"device=GW-LINE-B, transport=lineB, unit=3, DiscreteInput@1, elapsed=2094ms, consecutive=2"
44463,2026-09-16 00:17:13.204,TimeoutError,Transient,MODBUS.TIMEOUT,Device,Error,ss.error.comm,"device=GW-LINE-B, transport=lineB, unit=3, HoldingRegister@8, elapsed=2094ms, consecutive=1"
44637,2026-09-16 00:17:18.581,TimeoutError,Transient,MODBUS.TIMEOUT,Device,Error,ss.error.comm,"device=GW-LINE-B, transport=lineB, unit=4, HoldingRegister@1, elapsed=2094ms, consecutive=1"
44696,2026-09-16 00:17:20.674,TimeoutError,Transient,MODBUS.TIMEOUT,Device,Error,ss.error.comm,"device=GW-LINE-B, transport=lineB, unit=4, HoldingRegister@10, elapsed=2094ms, consecutive=1"
44798,2026-09-16 00:17:23.860,TimeoutError,Transient,MODBUS.TIMEOUT,Device,Error,ss.error.comm,"device=GW-LINE-B, transport=lineB, unit=2, InputRegister@18, elapsed=2093ms, consecutive=1"
44885,2026-09-16 00:17:27.064,TimeoutError,Transient,MODBUS.TIMEOUT,Device,Error,ss.error.comm,"device=GW-LINE-B, transport=lineB, unit=3, InputRegister@2, elapsed=2109ms, consecutive=7"
44988,2026-09-16 00:17:30.268,TimeoutError,Transient,MODBUS.TIMEOUT,Device,Error,ss.error.comm,"device=GW-LINE-B, transport=lineB, unit=2, InputRegister@10, elapsed=2094ms, consecutive=2"
45054,2026-09-16 00:17:32.361,TimeoutError,Transient,MODBUS.TIMEOUT,Device,Error,ss.error.comm,"device=GW-LINE-B, transport=lineB, unit=2, InputRegister@52, elapsed=2093ms, consecutive=1"
45127,2026-09-16 00:17:34.454,TimeoutError,Transient,MODBUS.TIMEOUT,Device,Error,ss.error.comm,"device=GW-LINE-B, transport=lineB, unit=3, InputRegister@9, elapsed=2094ms, consecutive=2"
45213,2026-09-16 00:17:37.658,TimeoutError,Transient,MODBUS.TIMEOUT,Device,Error,ss.error.comm,"device=GW-LINE-B, transport=lineB, unit=4, InputRegister@16, elapsed=2094ms, consecutive=1"
45275,2026-09-16 00:17:39.752,TimeoutError,Transient,MODBUS.TIMEOUT,Device,Error,ss.error.comm,"device=GW-LINE-B, transport=lineB, unit=4, InputRegister@22, elapsed=2094ms, consecutive=1"
45366,2026-09-16 00:17:42.938,TimeoutError,Transient,MODBUS.TIMEOUT,Device,Error,ss.error.comm,"device=GW-LINE-B, transport=lineB, unit=4, HoldingRegister@10, elapsed=2093ms, consecutive=1"
45510,2026-09-16 00:17:47.236,TimeoutError,Transient,MODBUS.TIMEOUT,Device,Error,ss.error.comm,"device=GW-LINE-B, transport=lineB, unit=2, HoldingRegister@0, elapsed=2093ms, consecutive=1"
45703,2026-09-16 00:17:52.658,TimeoutError,Transient,MODBUS.TIMEOUT,Device,Error,ss.error.comm,"device=GW-LINE-B, transport=lineB, unit=3, InputRegister@52, elapsed=2094ms, consecutive=1"
45768,2026-09-16 00:17:54.751,TimeoutError,Transient,MODBUS.TIMEOUT,Device,Error,ss.error.comm,"device=GW-LINE-B, transport=lineB, unit=4, InputRegister@16, elapsed=2094ms, consecutive=1"
45856,2026-09-16 00:17:57.955,TimeoutError,Transient,MODBUS.TIMEOUT,Device,Error,ss.error.comm,"device=GW-LINE-B, transport=lineB, unit=4, HoldingRegister@10, elapsed=2094ms, consecutive=1"
45917,2026-09-16 00:18:00.049,TimeoutError,Transient,MODBUS.TIMEOUT,Device,Error,ss.error.comm,"device=GW-LINE-B, transport=lineB, unit=2, DiscreteInput@0, elapsed=2094ms, consecutive=2"
46025,2026-09-16 00:18:03.236,TimeoutError,Transient,MODBUS.TIMEOUT,Device,Error,ss.error.comm,"device=GW-LINE-B, transport=lineB, unit=2, InputRegister@18, elapsed=2093ms, consecutive=1"
46139,2026-09-16 00:18:06.439,TimeoutError,Transient,MODBUS.TIMEOUT,Device,Error,ss.error.comm,"device=GW-LINE-B, transport=lineB, unit=3, InputRegister@2, elapsed=2093ms, consecutive=7"
46257,2026-09-16 00:18:10.733,TimeoutError,Transient,MODBUS.TIMEOUT,Device,Error,ss.error.comm,"device=GW-LINE-B, transport=lineB, unit=4, InputRegister@2, elapsed=2094ms, consecutive=11"
46444,2026-09-16 00:18:17.235,TimeoutError,Transient,MODBUS.TIMEOUT,Device,Error,ss.error.comm,"device=GW-LINE-B, transport=lineB, unit=3, HoldingRegister@8, elapsed=2093ms, consecutive=1"
46501,2026-09-16 00:18:19.329,TimeoutError,Transient,MODBUS.TIMEOUT,Device,Error,ss.error.comm,"device=GW-LINE-B, transport=lineB, unit=3, HoldingRegister@24, elapsed=2094ms, consecutive=1"
46911,2026-09-16 00:18:31.363,TimeoutError,Transient,MODBUS.TIMEOUT,Device,Error,ss.error.comm,"device=GW-LINE-B, transport=lineB, unit=2, InputRegister@52, elapsed=2093ms, consecutive=1"
46985,2026-09-16 00:18:33.455,TimeoutError,Transient,MODBUS.TIMEOUT,Device,Error,ss.error.comm,"device=GW-LINE-B, transport=lineB, unit=2, HoldingRegister@1, elapsed=2094ms, consecutive=1"
47077,2026-09-16 00:18:36.658,TimeoutError,Transient,MODBUS.TIMEOUT,Device,Error,ss.error.comm,"device=GW-LINE-B, transport=lineB, unit=3, InputRegister@9, elapsed=2094ms, consecutive=2"
47178,2026-09-16 00:18:39.846,TimeoutError,Transient,MODBUS.TIMEOUT,Device,Error,ss.error.comm,"device=GW-LINE-B, transport=lineB, unit=3, HoldingRegister@8, elapsed=2094ms, consecutive=1"
47429,2026-09-16 00:18:47.520,TimeoutError,Transient,MODBUS.TIMEOUT,Device,Error,ss.error.comm,"device=GW-LINE-B, transport=lineB, unit=3, DiscreteInput@1, elapsed=2094ms, consecutive=2"
47493,2026-09-16 00:18:49.626,TimeoutError,Transient,MODBUS.TIMEOUT,Device,Error,ss.error.comm,"device=GW-LINE-B, transport=lineB, unit=3, HoldingRegister@0, elapsed=2094ms, consecutive=1"
47547,2026-09-16 00:18:51.736,TimeoutError,Transient,MODBUS.TIMEOUT,Device,Error,ss.error.comm,"device=GW-LINE-B, transport=lineB, unit=4, DiscreteInput@4, elapsed=2109ms, consecutive=1"
47790,2026-09-16 00:18:59.471,TimeoutError,Transient,MODBUS.TIMEOUT,Device,Error,ss.error.comm,"device=GW-LINE-B, transport=lineB, unit=2, DiscreteInput@0, elapsed=2094ms, consecutive=2"
47856,2026-09-16 00:19:01.564,TimeoutError,Transient,MODBUS.TIMEOUT,Device,Error,ss.error.comm,"device=GW-LINE-B, transport=lineB, unit=3, DiscreteInput@1, elapsed=2093ms, consecutive=2"
47921,2026-09-16 00:19:03.660,TimeoutError,Transient,MODBUS.TIMEOUT,Device,Error,ss.error.comm,"device=GW-LINE-B, transport=lineB, unit=3, InputRegister@2, elapsed=2094ms, consecutive=7"
47991,2026-09-16 00:19:05.752,TimeoutError,Transient,MODBUS.TIMEOUT,Device,Error,ss.error.comm,"device=GW-LINE-B, transport=lineB, unit=3, HoldingRegister@0, elapsed=2094ms, consecutive=1"
48057,2026-09-16 00:19:07.848,TimeoutError,Transient,MODBUS.TIMEOUT,Device,Error,ss.error.comm,"device=GW-LINE-B, transport=lineB, unit=4, DiscreteInput@4, elapsed=2094ms, consecutive=1"
48153,2026-09-16 00:19:11.065,TimeoutError,Transient,MODBUS.TIMEOUT,Device,Error,ss.error.comm,"device=GW-LINE-B, transport=lineB, unit=2, InputRegister@10, elapsed=2109ms, consecutive=2"
48218,2026-09-16 00:19:13.158,TimeoutError,Transient,MODBUS.TIMEOUT,Device,Error,ss.error.comm,"device=GW-LINE-B, transport=lineB, unit=2, InputRegister@52, elapsed=2094ms, consecutive=1"
48479,2026-09-16 00:19:20.783,TimeoutError,Transient,MODBUS.TIMEOUT,Device,Error,ss.error.comm,"device=GW-LINE-B, transport=lineB, unit=2, HoldingRegister@0, elapsed=2094ms, consecutive=1"
48583,2026-09-16 00:19:23.988,TimeoutError,Transient,MODBUS.TIMEOUT,Device,Error,ss.error.comm,"device=GW-LINE-B, transport=lineB, unit=4, DiscreteInput@4, elapsed=2093ms, consecutive=1"
48641,2026-09-16 00:19:26.096,TimeoutError,Transient,MODBUS.TIMEOUT,Device,Error,ss.error.comm,"device=GW-LINE-B, transport=lineB, unit=4, InputRegister@2, elapsed=2110ms, consecutive=11"
48755,2026-09-16 00:19:29.298,TimeoutError,Transient,MODBUS.TIMEOUT,Device,Error,ss.error.comm,"device=GW-LINE-B, transport=lineB, unit=4, InputRegister@22, elapsed=2094ms, consecutive=1"
48838,2026-09-16 00:19:32.501,TimeoutError,Transient,MODBUS.TIMEOUT,Device,Error,ss.error.comm,"device=GW-LINE-B, transport=lineB, unit=2, DiscreteInput@0, elapsed=2094ms, consecutive=2"
48950,2026-09-16 00:19:36.830,TimeoutError,Transient,MODBUS.TIMEOUT,Device,Error,ss.error.comm,"device=GW-LINE-B, transport=lineB, unit=3, InputRegister@15, elapsed=2094ms, consecutive=2"
49019,2026-09-16 00:19:40.032,TimeoutError,Transient,MODBUS.TIMEOUT,Device,Error,ss.error.comm,"device=GW-LINE-B, transport=lineB, unit=4, InputRegister@2, elapsed=2094ms, consecutive=11"
49067,2026-09-16 00:19:42.128,TimeoutError,Transient,MODBUS.TIMEOUT,Device,Error,ss.error.comm,"device=GW-LINE-B, transport=lineB, unit=2, InputRegister@10, elapsed=2094ms, consecutive=2"
49118,2026-09-16 00:19:44.224,TimeoutError,Transient,MODBUS.TIMEOUT,Device,Error,ss.error.comm,"device=GW-LINE-B, transport=lineB, unit=2, HoldingRegister@1, elapsed=2094ms, consecutive=1"
49193,2026-09-16 00:19:47.423,TimeoutError,Transient,MODBUS.TIMEOUT,Device,Error,ss.error.comm,"device=GW-LINE-B, transport=lineB, unit=3, InputRegister@52, elapsed=2110ms, consecutive=1"
49261,2026-09-16 00:19:49.518,TimeoutError,Transient,MODBUS.TIMEOUT,Device,Error,ss.error.comm,"device=GW-LINE-B, transport=lineB, unit=3, HoldingRegister@24, elapsed=2094ms, consecutive=1"
49309,2026-09-16 00:19:51.611,TimeoutError,Transient,MODBUS.TIMEOUT,Device,Error,ss.error.comm,"device=GW-LINE-B, transport=lineB, unit=4, InputRegister@16, elapsed=2093ms, consecutive=1"
49355,2026-09-16 00:19:53.720,TimeoutError,Transient,MODBUS.TIMEOUT,Device,Error,ss.error.comm,"device=GW-LINE-B, transport=lineB, unit=4, InputRegister@60, elapsed=2094ms, consecutive=1"
49456,2026-09-16 00:19:58.034,TimeoutError,Transient,MODBUS.TIMEOUT,Device,Error,ss.error.comm,"device=GW-LINE-B, transport=lineB, unit=3, DiscreteInput@1, elapsed=2109ms, consecutive=2"
49513,2026-09-16 00:20:00.128,TimeoutError,Transient,MODBUS.TIMEOUT,Device,Error,ss.error.comm,"device=GW-LINE-B, transport=lineB, unit=3, InputRegister@15, elapsed=2094ms, consecutive=2"
49681,2026-09-16 00:20:06.661,TimeoutError,Transient,MODBUS.TIMEOUT,Device,Error,ss.error.comm,"device=GW-LINE-B, transport=lineB, unit=3, InputRegister@52, elapsed=2125ms, consecutive=1"
49792,2026-09-16 00:20:11.001,TimeoutError,Transient,MODBUS.TIMEOUT,Device,Error,ss.error.comm,"device=GW-LINE-B, transport=lineB, unit=4, InputRegister@60, elapsed=2109ms, consecutive=1"
49836,2026-09-16 00:20:13.095,TimeoutError,Transient,MODBUS.TIMEOUT,Device,Error,ss.error.comm,"device=GW-LINE-B, transport=lineB, unit=4, HoldingRegister@1, elapsed=2094ms, consecutive=1"
49890,2026-09-16 00:20:15.189,TimeoutError,Transient,MODBUS.TIMEOUT,Device,Error,ss.error.comm,"device=GW-LINE-B, transport=lineB, unit=4, HoldingRegister@10, elapsed=2093ms, consecutive=1"
49935,2026-09-16 00:20:17.283,TimeoutError,Transient,MODBUS.TIMEOUT,Device,Error,ss.error.comm,"device=GW-LINE-B, transport=lineB, unit=2, DiscreteInput@0, elapsed=2094ms, consecutive=2"
49981,2026-09-16 00:20:19.407,TimeoutError,Transient,MODBUS.TIMEOUT,Device,Error,ss.error.comm,"device=GW-LINE-B, transport=lineB, unit=2, InputRegister@2, elapsed=2125ms, consecutive=8"
50140,2026-09-16 00:20:24.846,TimeoutError,Transient,MODBUS.TIMEOUT,Device,Error,ss.error.comm,"device=GW-LINE-B, transport=lineB, unit=2, HoldingRegister@8, elapsed=2094ms, consecutive=2"
50214,2026-09-16 00:20:28.033,TimeoutError,Transient,MODBUS.TIMEOUT,Device,Error,ss.error.comm,"device=GW-LINE-B, transport=lineB, unit=3, HoldingRegister@8, elapsed=2094ms, consecutive=1"
50318,2026-09-16 00:20:32.346,TimeoutError,Transient,MODBUS.TIMEOUT,Device,Error,ss.error.comm,"device=GW-LINE-B, transport=lineB, unit=4, HoldingRegister@10, elapsed=2094ms, consecutive=1"
50379,2026-09-16 00:20:34.440,TimeoutError,Transient,MODBUS.TIMEOUT,Device,Error,ss.error.comm,"device=GW-LINE-B, transport=lineB, unit=2, InputRegister@2, elapsed=2093ms, consecutive=8"
50452,2026-09-16 00:20:36.532,TimeoutError,Transient,MODBUS.TIMEOUT,Device,Error,ss.error.comm,"device=GW-LINE-B, transport=lineB, unit=2, HoldingRegister@0, elapsed=2094ms, consecutive=1"
50497,2026-09-16 00:20:38.626,TimeoutError,Transient,MODBUS.TIMEOUT,Device,Error,ss.error.comm,"device=GW-LINE-B, transport=lineB, unit=3, InputRegister@2, elapsed=2094ms, consecutive=7"
50555,2026-09-16 00:20:40.737,TimeoutError,Transient,MODBUS.TIMEOUT,Device,Error,ss.error.comm,"device=GW-LINE-B, transport=lineB, unit=3, InputRegister@15, elapsed=2109ms, consecutive=2"
50630,2026-09-16 00:20:43.924,TimeoutError,Transient,MODBUS.TIMEOUT,Device,Error,ss.error.comm,"device=GW-LINE-B, transport=lineB, unit=4, DiscreteInput@4, elapsed=2094ms, consecutive=1"
50758,2026-09-16 00:20:49.313,TimeoutError,Transient,MODBUS.TIMEOUT,Device,Error,ss.error.comm,"device=GW-LINE-B, transport=lineB, unit=4, InputRegister@60, elapsed=2093ms, consecutive=1"
50881,2026-09-16 00:20:53.596,TimeoutError,Transient,MODBUS.TIMEOUT,Device,Error,ss.error.comm,"device=GW-LINE-B, transport=lineB, unit=2, InputRegister@18, elapsed=2094ms, consecutive=1"
51068,2026-09-16 00:21:01.173,TimeoutError,Transient,MODBUS.TIMEOUT,Device,Error,ss.error.comm,"device=GW-LINE-B, transport=lineB, unit=2, InputRegister@52, elapsed=2094ms, consecutive=1"
51118,2026-09-16 00:21:03.269,TimeoutError,Transient,MODBUS.TIMEOUT,Device,Error,ss.error.comm,"device=GW-LINE-B, transport=lineB, unit=2, HoldingRegister@1, elapsed=2094ms, consecutive=1"
51183,2026-09-16 00:21:06.454,TimeoutError,Transient,MODBUS.TIMEOUT,Device,Error,ss.error.comm,"device=GW-LINE-B, transport=lineB, unit=3, InputRegister@9, elapsed=2094ms, consecutive=2"
51344,2026-09-16 00:21:11.867,TimeoutError,Transient,MODBUS.TIMEOUT,Device,Error,ss.error.comm,"device=GW-LINE-B, transport=lineB, unit=3, DiscreteInput@1, elapsed=2093ms, consecutive=2"
51492,2026-09-16 00:21:17.330,TimeoutError,Transient,MODBUS.TIMEOUT,Device,Error,ss.error.comm,"device=GW-LINE-B, transport=lineB, unit=3, HoldingRegister@24, elapsed=2094ms, consecutive=1"
51543,2026-09-16 00:21:19.423,TimeoutError,Transient,MODBUS.TIMEOUT,Device,Error,ss.error.comm,"device=GW-LINE-B, transport=lineB, unit=4, HoldingRegister@10, elapsed=2094ms, consecutive=1"
51685,2026-09-16 00:21:24.832,TimeoutError,Transient,MODBUS.TIMEOUT,Device,Error,ss.error.comm,"device=GW-LINE-B, transport=lineB, unit=4, DiscreteInput@4, elapsed=2094ms, consecutive=1"
51732,2026-09-16 00:21:26.924,TimeoutError,Transient,MODBUS.TIMEOUT,Device,Error,ss.error.comm,"device=GW-LINE-B, transport=lineB, unit=2, HoldingRegister@1, elapsed=2094ms, consecutive=1"
51783,2026-09-16 00:21:29.017,TimeoutError,Transient,MODBUS.TIMEOUT,Device,Error,ss.error.comm,"device=GW-LINE-B, transport=lineB, unit=2, HoldingRegister@8, elapsed=2094ms, consecutive=2"
51876,2026-09-16 00:21:33.303,TimeoutError,Transient,MODBUS.TIMEOUT,Device,Error,ss.error.comm,"device=GW-LINE-B, transport=lineB, unit=3, HoldingRegister@8, elapsed=2094ms, consecutive=1"
51930,2026-09-16 00:21:35.392,TimeoutError,Transient,MODBUS.TIMEOUT,Device,Error,ss.error.comm,"device=GW-LINE-B, transport=lineB, unit=3, HoldingRegister@24, elapsed=2094ms, consecutive=1"
51979,2026-09-16 00:21:37.486,TimeoutError,Transient,MODBUS.TIMEOUT,Device,Error,ss.error.comm,"device=GW-LINE-B, transport=lineB, unit=4, InputRegister@16, elapsed=2093ms, consecutive=1"
52044,2026-09-16 00:21:39.580,TimeoutError,Transient,MODBUS.TIMEOUT,Device,Error,ss.error.comm,"device=GW-LINE-B, transport=lineB, unit=4, InputRegister@22, elapsed=2094ms, consecutive=1"
52110,2026-09-16 00:21:42.766,TimeoutError,Transient,MODBUS.TIMEOUT,Device,Error,ss.error.comm,"device=GW-LINE-B, transport=lineB, unit=4, HoldingRegister@1, elapsed=2094ms, consecutive=1"
52162,2026-09-16 00:21:44.876,TimeoutError,Transient,MODBUS.TIMEOUT,Device,Error,ss.error.comm,"device=GW-LINE-B, transport=lineB, unit=2, DiscreteInput@0, elapsed=2109ms, consecutive=2"
52208,2026-09-16 00:21:46.973,TimeoutError,Transient,MODBUS.TIMEOUT,Device,Error,ss.error.comm,"device=GW-LINE-B, transport=lineB, unit=2, InputRegister@2, elapsed=2094ms, consecutive=8"
52296,2026-09-16 00:21:50.159,TimeoutError,Transient,MODBUS.TIMEOUT,Device,Error,ss.error.comm,"device=GW-LINE-B, transport=lineB, unit=2, HoldingRegister@0, elapsed=2094ms, consecutive=1"
52360,2026-09-16 00:21:53.345,TimeoutError,Transient,MODBUS.TIMEOUT,Device,Error,ss.error.comm,"device=GW-LINE-B, transport=lineB, unit=3, InputRegister@15, elapsed=2094ms, consecutive=2"
52463,2026-09-16 00:21:56.548,TimeoutError,Transient,MODBUS.TIMEOUT,Device,Error,ss.error.comm,"device=GW-LINE-B, transport=lineB, unit=4, InputRegister@2, elapsed=2094ms, consecutive=11"
52516,2026-09-16 00:21:58.642,TimeoutError,Transient,MODBUS.TIMEOUT,Device,Error,ss.error.comm,"device=GW-LINE-B, transport=lineB, unit=2, InputRegister@10, elapsed=2094ms, consecutive=2"
52571,2026-09-16 00:22:00.736,TimeoutError,Transient,MODBUS.TIMEOUT,Device,Error,ss.error.comm,"device=GW-LINE-B, transport=lineB, unit=2, InputRegister@52, elapsed=2093ms, consecutive=1"
52646,2026-09-16 00:22:03.924,TimeoutError,Transient,MODBUS.TIMEOUT,Device,Error,ss.error.comm,"device=GW-LINE-B, transport=lineB, unit=3, HoldingRegister@24, elapsed=2094ms, consecutive=1"
52694,2026-09-16 00:22:06.018,TimeoutError,Transient,MODBUS.TIMEOUT,Device,Error,ss.error.comm,"device=GW-LINE-B, transport=lineB, unit=4, InputRegister@16, elapsed=2094ms, consecutive=1"
52734,2026-09-16 00:22:08.112,TimeoutError,Transient,MODBUS.TIMEOUT,Device,Error,ss.error.comm,"device=GW-LINE-B, transport=lineB, unit=4, InputRegister@22, elapsed=2093ms, consecutive=1"
52788,2026-09-16 00:22:10.204,TimeoutError,Transient,MODBUS.TIMEOUT,Device,Error,ss.error.comm,"device=GW-LINE-B, transport=lineB, unit=4, InputRegister@60, elapsed=2094ms, consecutive=1"
52961,2026-09-16 00:22:16.678,TimeoutError,Transient,MODBUS.TIMEOUT,Device,Error,ss.error.comm,"device=GW-LINE-B, transport=lineB, unit=3, InputRegister@2, elapsed=2094ms, consecutive=7"
53082,2026-09-16 00:22:22.064,TimeoutError,Transient,MODBUS.TIMEOUT,Device,Error,ss.error.comm,"device=GW-LINE-B, transport=lineB, unit=4, InputRegister@2, elapsed=2093ms, consecutive=11"
53128,2026-09-16 00:22:24.157,TimeoutError,Transient,MODBUS.TIMEOUT,Device,Error,ss.error.comm,"device=GW-LINE-B, transport=lineB, unit=2, InputRegister@52, elapsed=2094ms, consecutive=1"
53176,2026-09-16 00:22:26.252,TimeoutError,Transient,MODBUS.TIMEOUT,Device,Error,ss.error.comm,"device=GW-LINE-B, transport=lineB, unit=2, HoldingRegister@1, elapsed=2094ms, consecutive=1"
53229,2026-09-16 00:22:28.346,TimeoutError,Transient,MODBUS.TIMEOUT,Device,Error,ss.error.comm,"device=GW-LINE-B, transport=lineB, unit=3, InputRegister@9, elapsed=2094ms, consecutive=2"
53302,2026-09-16 00:22:31.534,TimeoutError,Transient,MODBUS.TIMEOUT,Device,Error,ss.error.comm,"device=GW-LINE-B, transport=lineB, unit=3, HoldingRegister@24, elapsed=2094ms, consecutive=1"
53571,2026-09-16 00:22:41.330,TimeoutError,Transient,MODBUS.TIMEOUT,Device,Error,ss.error.comm,"device=GW-LINE-B, transport=lineB, unit=2, InputRegister@52, elapsed=2094ms, consecutive=1"
53619,2026-09-16 00:22:43.423,TimeoutError,Transient,MODBUS.TIMEOUT,Device,Error,ss.error.comm,"device=GW-LINE-B, transport=lineB, unit=3, InputRegister@9, elapsed=2094ms, consecutive=2"
53768,2026-09-16 00:22:48.830,TimeoutError,Transient,MODBUS.TIMEOUT,Device,Error,ss.error.comm,"device=GW-LINE-B, transport=lineB, unit=4, InputRegister@16, elapsed=2094ms, consecutive=1"
53808,2026-09-16 00:22:50.923,TimeoutError,Transient,MODBUS.TIMEOUT,Device,Error,ss.error.comm,"device=GW-LINE-B, transport=lineB, unit=4, InputRegister@60, elapsed=2094ms, consecutive=1"
53916,2026-09-16 00:22:55.220,TimeoutError,Transient,MODBUS.TIMEOUT,Device,Error,ss.error.comm,"device=GW-LINE-B, transport=lineB, unit=2, InputRegister@2, elapsed=2094ms, consecutive=8"
54026,2026-09-16 00:22:59.533,TimeoutError,Transient,MODBUS.TIMEOUT,Device,Error,ss.error.comm,"device=GW-LINE-B, transport=lineB, unit=2, InputRegister@52, elapsed=2109ms, consecutive=1"
54117,2026-09-16 00:23:02.722,TimeoutError,Transient,MODBUS.TIMEOUT,Device,Error,ss.error.comm,"device=GW-LINE-B, transport=lineB, unit=2, HoldingRegister@8, elapsed=2094ms, consecutive=2"
54194,2026-09-16 00:23:05.909,TimeoutError,Transient,MODBUS.TIMEOUT,Device,Error,ss.error.comm,"device=GW-LINE-B, transport=lineB, unit=3, HoldingRegister@24, elapsed=2094ms, consecutive=1"
54243,2026-09-16 00:23:08.001,TimeoutError,Transient,MODBUS.TIMEOUT,Device,Error,ss.error.comm,"device=GW-LINE-B, transport=lineB, unit=4, InputRegister@16, elapsed=2094ms, consecutive=1"
54340,2026-09-16 00:23:12.283,TimeoutError,Transient,MODBUS.TIMEOUT,Device,Error,ss.error.comm,"device=GW-LINE-B, transport=lineB, unit=4, HoldingRegister@1, elapsed=2094ms, consecutive=1"
54386,2026-09-16 00:23:14.377,TimeoutError,Transient,MODBUS.TIMEOUT,Device,Error,ss.error.comm,"device=GW-LINE-B, transport=lineB, unit=2, DiscreteInput@0, elapsed=2094ms, consecutive=2"
54445,2026-09-16 00:23:16.471,TimeoutError,Transient,MODBUS.TIMEOUT,Device,Error,ss.error.comm,"device=GW-LINE-B, transport=lineB, unit=3, DiscreteInput@1, elapsed=2094ms, consecutive=2"
54541,2026-09-16 00:23:19.660,TimeoutError,Transient,MODBUS.TIMEOUT,Device,Error,ss.error.comm,"device=GW-LINE-B, transport=lineB, unit=3, InputRegister@15, elapsed=2094ms, consecutive=2"
54594,2026-09-16 00:23:21.752,TimeoutError,Transient,MODBUS.TIMEOUT,Device,Error,ss.error.comm,"device=GW-LINE-B, transport=lineB, unit=3, HoldingRegister@0, elapsed=2094ms, consecutive=1"
54639,2026-09-16 00:23:23.845,TimeoutError,Transient,MODBUS.TIMEOUT,Device,Error,ss.error.comm,"device=GW-LINE-B, transport=lineB, unit=4, DiscreteInput@4, elapsed=2094ms, consecutive=1"
54685,2026-09-16 00:23:25.939,TimeoutError,Transient,MODBUS.TIMEOUT,Device,Error,ss.error.comm,"device=GW-LINE-B, transport=lineB, unit=4, InputRegister@2, elapsed=2093ms, consecutive=11"
54769,2026-09-16 00:23:29.143,TimeoutError,Transient,MODBUS.TIMEOUT,Device,Error,ss.error.comm,"device=GW-LINE-B, transport=lineB, unit=2, HoldingRegister@1, elapsed=2110ms, consecutive=1"
54814,2026-09-16 00:23:31.236,TimeoutError,Transient,MODBUS.TIMEOUT,Device,Error,ss.error.comm,"device=GW-LINE-B, transport=lineB, unit=3, HoldingRegister@24, elapsed=2093ms, consecutive=1"
54883,2026-09-16 00:23:34.424,TimeoutError,Transient,MODBUS.TIMEOUT,Device,Error,ss.error.comm,"device=GW-LINE-B, transport=lineB, unit=4, InputRegister@60, elapsed=2094ms, consecutive=1"
54975,2026-09-16 00:23:37.611,TimeoutError,Transient,MODBUS.TIMEOUT,Device,Error,ss.error.comm,"device=GW-LINE-B, transport=lineB, unit=2, InputRegister@2, elapsed=2093ms, consecutive=8"
55126,2026-09-16 00:23:43.017,TimeoutError,Transient,MODBUS.TIMEOUT,Device,Error,ss.error.comm,"device=GW-LINE-B, transport=lineB, unit=2, InputRegister@52, elapsed=2094ms, consecutive=1"
55170,2026-09-16 00:23:45.112,TimeoutError,Transient,MODBUS.TIMEOUT,Device,Error,ss.error.comm,"device=GW-LINE-B, transport=lineB, unit=2, HoldingRegister@1, elapsed=2093ms, consecutive=1"
55218,2026-09-16 00:23:47.205,TimeoutError,Transient,MODBUS.TIMEOUT,Device,Error,ss.error.comm,"device=GW-LINE-B, transport=lineB, unit=3, InputRegister@52, elapsed=2094ms, consecutive=1"
55267,2026-09-16 00:23:49.298,TimeoutError,Transient,MODBUS.TIMEOUT,Device,Error,ss.error.comm,"device=GW-LINE-B, transport=lineB, unit=3, HoldingRegister@8, elapsed=2094ms, consecutive=1"
55382,2026-09-16 00:23:53.595,TimeoutError,Transient,MODBUS.TIMEOUT,Device,Error,ss.error.comm,"device=GW-LINE-B, transport=lineB, unit=3, DiscreteInput@1, elapsed=2094ms, consecutive=2"
55445,2026-09-16 00:23:55.691,TimeoutError,Transient,MODBUS.TIMEOUT,Device,Error,ss.error.comm,"device=GW-LINE-B, transport=lineB, unit=3, HoldingRegister@0, elapsed=2093ms, consecutive=1"
55499,2026-09-16 00:23:57.783,TimeoutError,Transient,MODBUS.TIMEOUT,Device,Error,ss.error.comm,"device=GW-LINE-B, transport=lineB, unit=4, InputRegister@2, elapsed=2094ms, consecutive=11"
55666,2026-09-16 00:24:04.269,TimeoutError,Transient,MODBUS.TIMEOUT,Device,Error,ss.error.comm,"device=GW-LINE-B, transport=lineB, unit=4, InputRegister@22, elapsed=2094ms, consecutive=1"
55705,2026-09-16 00:24:06.361,TimeoutError,Transient,MODBUS.TIMEOUT,Device,Error,ss.error.comm,"device=GW-LINE-B, transport=lineB, unit=4, InputRegister@60, elapsed=2093ms, consecutive=1"
55783,2026-09-16 00:24:09.551,TimeoutError,Transient,MODBUS.TIMEOUT,Device,Error,ss.error.comm,"device=GW-LINE-B, transport=lineB, unit=2, InputRegister@2, elapsed=2094ms, consecutive=8"
55859,2026-09-16 00:24:11.643,TimeoutError,Transient,MODBUS.TIMEOUT,Device,Error,ss.error.comm,"device=GW-LINE-B, transport=lineB, unit=2, InputRegister@18, elapsed=2094ms, consecutive=1"
55913,2026-09-16 00:24:13.739,TimeoutError,Transient,MODBUS.TIMEOUT,Device,Error,ss.error.comm,"device=GW-LINE-B, transport=lineB, unit=2, HoldingRegister@0, elapsed=2093ms, consecutive=1"
56033,2026-09-16 00:24:18.049,TimeoutError,Transient,MODBUS.TIMEOUT,Device,Error,ss.error.comm,"device=GW-LINE-B, transport=lineB, unit=2, HoldingRegister@1, elapsed=2094ms, consecutive=1"
56106,2026-09-16 00:24:21.236,TimeoutError,Transient,MODBUS.TIMEOUT,Device,Error,ss.error.comm,"device=GW-LINE-B, transport=lineB, unit=3, HoldingRegister@24, elapsed=2093ms, consecutive=1"
56180,2026-09-16 00:24:24.431,TimeoutError,Transient,MODBUS.TIMEOUT,Device,Error,ss.error.comm,"device=GW-LINE-B, transport=lineB, unit=4, InputRegister@60, elapsed=2094ms, consecutive=1"
56227,2026-09-16 00:24:26.534,TimeoutError,Transient,MODBUS.TIMEOUT,Device,Error,ss.error.comm,"device=GW-LINE-B, transport=lineB, unit=4, HoldingRegister@10, elapsed=2094ms, consecutive=1"
56267,2026-09-16 00:24:28.629,TimeoutError,Transient,MODBUS.TIMEOUT,Device,Error,ss.error.comm,"device=GW-LINE-B, transport=lineB, unit=2, InputRegister@2, elapsed=2094ms, consecutive=8"
56289,2026-09-16 00:24:32.596,TimeoutError,Transient,MODBUS.TIMEOUT,Device,Error,ss.error.comm,"device=ENV-01, transport=util, unit=6, InputRegister@0, elapsed=4000ms, consecutive=10"
56300,2026-09-16 00:24:32.939,TimeoutError,Transient,MODBUS.TIMEOUT,Device,Error,ss.error.comm,"device=GW-LINE-B, transport=lineB, unit=3, InputRegister@15, elapsed=2109ms, consecutive=2"
56310,2026-09-16 00:24:33.597,TimeoutError,Transient,MODBUS.TIMEOUT,Device,Error,ss.error.comm,"device=EM-01, transport=util, unit=5, InputRegister@0, elapsed=4969ms, consecutive=15"
56335,2026-09-16 00:24:34.600,TimeoutError,Transient,MODBUS.TIMEOUT,Device,Error,ss.error.comm,"device=PROT-02, transport=util, unit=12, InputRegister@0, elapsed=5891ms, consecutive=1"
56352,2026-09-16 00:24:37.254,TimeoutError,Transient,MODBUS.TIMEOUT,Device,Error,ss.error.comm,"device=GW-LINE-B, transport=lineB, unit=3, InputRegister@52, elapsed=2094ms, consecutive=1"
56372,2026-09-16 00:24:38.596,LinkError,LinkDown,MODBUS.LINK,Device,Error,ss.error.comm,"device=ENV-01, transport=util, unit=6, DiscreteInput@0, elapsed=6000ms, consecutive=1"
56430,2026-09-16 00:24:40.456,TimeoutError,Transient,MODBUS.TIMEOUT,Device,Error,ss.error.comm,"device=GW-LINE-B, transport=lineB, unit=4, HoldingRegister@1, elapsed=2094ms, consecutive=1"
56475,2026-09-16 00:24:42.549,TimeoutError,Transient,MODBUS.TIMEOUT,Device,Error,ss.error.comm,"device=GW-LINE-B, transport=lineB, unit=2, InputRegister@2, elapsed=2094ms, consecutive=8"
56548,2026-09-16 00:24:44.643,TimeoutError,Transient,MODBUS.TIMEOUT,Device,Error,ss.error.comm,"device=GW-LINE-B, transport=lineB, unit=2, InputRegister@18, elapsed=2094ms, consecutive=1"
56618,2026-09-16 00:24:47.846,TimeoutError,Transient,MODBUS.TIMEOUT,Device,Error,ss.error.comm,"device=GW-LINE-B, transport=lineB, unit=4, DiscreteInput@4, elapsed=2094ms, consecutive=1"
56698,2026-09-16 00:24:51.048,TimeoutError,Transient,MODBUS.TIMEOUT,Device,Error,ss.error.comm,"device=GW-LINE-B, transport=lineB, unit=3, InputRegister@9, elapsed=2094ms, consecutive=2"
56772,2026-09-16 00:24:54.237,TimeoutError,Transient,MODBUS.TIMEOUT,Device,Error,ss.error.comm,"device=GW-LINE-B, transport=lineB, unit=3, HoldingRegister@24, elapsed=2093ms, consecutive=1"
56818,2026-09-16 00:24:56.329,TimeoutError,Transient,MODBUS.TIMEOUT,Device,Error,ss.error.comm,"device=GW-LINE-B, transport=lineB, unit=4, InputRegister@16, elapsed=2094ms, consecutive=1"
56920,2026-09-16 00:25:00.611,TimeoutError,Transient,MODBUS.TIMEOUT,Device,Error,ss.error.comm,"device=GW-LINE-B, transport=lineB, unit=4, HoldingRegister@1, elapsed=2093ms, consecutive=1"
57001,2026-09-16 00:25:03.799,TimeoutError,Transient,MODBUS.TIMEOUT,Device,Error,ss.error.comm,"device=GW-LINE-B, transport=lineB, unit=2, DiscreteInput@0, elapsed=2094ms, consecutive=2"
57072,2026-09-16 00:25:07.002,TimeoutError,Transient,MODBUS.TIMEOUT,Device,Error,ss.error.comm,"device=GW-LINE-B, transport=lineB, unit=3, InputRegister@15, elapsed=2109ms, consecutive=2"
57136,2026-09-16 00:25:09.204,TimeoutError,Transient,MODBUS.TIMEOUT,Device,Error,ss.error.comm,"device=GW-LINE-B, transport=lineB, unit=2, InputRegister@10, elapsed=2094ms, consecutive=2"
57277,2026-09-16 00:25:15.674,TimeoutError,Transient,MODBUS.TIMEOUT,Device,Error,ss.error.comm,"device=GW-LINE-B, transport=lineB, unit=3, HoldingRegister@8, elapsed=2094ms, consecutive=1"
57350,2026-09-16 00:25:17.769,TimeoutError,Transient,MODBUS.TIMEOUT,Device,Error,ss.error.comm,"device=GW-LINE-B, transport=lineB, unit=3, HoldingRegister@24, elapsed=2094ms, consecutive=1"
57409,2026-09-16 00:25:19.862,TimeoutError,Transient,MODBUS.TIMEOUT,Device,Error,ss.error.comm,"device=GW-LINE-B, transport=lineB, unit=4, InputRegister@60, elapsed=2093ms, consecutive=1"
57529,2026-09-16 00:25:25.236,TimeoutError,Transient,MODBUS.TIMEOUT,Device,Error,ss.error.comm,"device=GW-LINE-B, transport=lineB, unit=2, HoldingRegister@0, elapsed=2093ms, consecutive=1"
57628,2026-09-16 00:25:29.517,TimeoutError,Transient,MODBUS.TIMEOUT,Device,Error,ss.error.comm,"device=GW-LINE-B, transport=lineB, unit=3, HoldingRegister@0, elapsed=2094ms, consecutive=1"
57675,2026-09-16 00:25:31.613,TimeoutError,Transient,MODBUS.TIMEOUT,Device,Error,ss.error.comm,"device=GW-LINE-B, transport=lineB, unit=4, DiscreteInput@4, elapsed=2093ms, consecutive=1"
57768,2026-09-16 00:25:34.799,TimeoutError,Transient,MODBUS.TIMEOUT,Device,Error,ss.error.comm,"device=GW-LINE-B, transport=lineB, unit=2, InputRegister@52, elapsed=2094ms, consecutive=1"
57813,2026-09-16 00:25:36.895,TimeoutError,Transient,MODBUS.TIMEOUT,Device,Error,ss.error.comm,"device=GW-LINE-B, transport=lineB, unit=2, HoldingRegister@8, elapsed=2094ms, consecutive=2"
57903,2026-09-16 00:25:40.128,TimeoutError,Transient,MODBUS.TIMEOUT,Device,Error,ss.error.comm,"device=GW-LINE-B, transport=lineB, unit=4, HoldingRegister@1, elapsed=2094ms, consecutive=1"
57961,2026-09-16 00:25:43.314,TimeoutError,Transient,MODBUS.TIMEOUT,Device,Error,ss.error.comm,"device=GW-LINE-B, transport=lineB, unit=2, InputRegister@2, elapsed=2093ms, consecutive=8"
58047,2026-09-16 00:25:46.502,TimeoutError,Transient,MODBUS.TIMEOUT,Device,Error,ss.error.comm,"device=GW-LINE-B, transport=lineB, unit=3, DiscreteInput@1, elapsed=2094ms, consecutive=2"
58093,2026-09-16 00:25:48.595,TimeoutError,Transient,MODBUS.TIMEOUT,Device,Error,ss.error.comm,"device=GW-LINE-B, transport=lineB, unit=3, InputRegister@15, elapsed=2094ms, consecutive=2"
58142,2026-09-16 00:25:50.709,TimeoutError,Transient,MODBUS.TIMEOUT,Device,Error,ss.error.comm,"device=GW-LINE-B, transport=lineB, unit=4, DiscreteInput@4, elapsed=2109ms, consecutive=1"
58218,2026-09-16 00:25:52.830,TimeoutError,Transient,MODBUS.TIMEOUT,Device,Error,ss.error.comm,"device=GW-LINE-B, transport=lineB, unit=2, InputRegister@52, elapsed=2109ms, consecutive=1"
58271,2026-09-16 00:25:54.925,TimeoutError,Transient,MODBUS.TIMEOUT,Device,Error,ss.error.comm,"device=GW-LINE-B, transport=lineB, unit=2, HoldingRegister@8, elapsed=2094ms, consecutive=2"
58312,2026-09-16 00:25:57.018,TimeoutError,Transient,MODBUS.TIMEOUT,Device,Error,ss.error.comm,"device=GW-LINE-B, transport=lineB, unit=3, InputRegister@52, elapsed=2094ms, consecutive=1"
58396,2026-09-16 00:26:00.230,TimeoutError,Transient,MODBUS.TIMEOUT,Device,Error,ss.error.comm,"device=GW-LINE-B, transport=lineB, unit=2, InputRegister@2, elapsed=2094ms, consecutive=8"
58437,2026-09-16 00:26:02.332,TimeoutError,Transient,MODBUS.TIMEOUT,Device,Error,ss.error.comm,"device=GW-LINE-B, transport=lineB, unit=2, InputRegister@18, elapsed=2109ms, consecutive=1"
58539,2026-09-16 00:26:06.626,TimeoutError,Transient,MODBUS.TIMEOUT,Device,Error,ss.error.comm,"device=GW-LINE-B, transport=lineB, unit=3, HoldingRegister@0, elapsed=2094ms, consecutive=1"
58678,2026-09-16 00:26:12.035,TimeoutError,Transient,MODBUS.TIMEOUT,Device,Error,ss.error.comm,"device=GW-LINE-B, transport=lineB, unit=3, InputRegister@9, elapsed=2109ms, consecutive=2"
58741,2026-09-16 00:26:14.127,TimeoutError,Transient,MODBUS.TIMEOUT,Device,Error,ss.error.comm,"device=GW-LINE-B, transport=lineB, unit=3, HoldingRegister@8, elapsed=2094ms, consecutive=1"
58792,2026-09-16 00:26:16.221,TimeoutError,Transient,MODBUS.TIMEOUT,Device,Error,ss.error.comm,"device=GW-LINE-B, transport=lineB, unit=3, HoldingRegister@24, elapsed=2094ms, consecutive=1"
58833,2026-09-16 00:26:18.315,TimeoutError,Transient,MODBUS.TIMEOUT,Device,Error,ss.error.comm,"device=GW-LINE-B, transport=lineB, unit=4, InputRegister@16, elapsed=2093ms, consecutive=1"
58916,2026-09-16 00:26:21.521,TimeoutError,Transient,MODBUS.TIMEOUT,Device,Error,ss.error.comm,"device=GW-LINE-B, transport=lineB, unit=4, HoldingRegister@10, elapsed=2094ms, consecutive=1"
58963,2026-09-16 00:26:23.629,TimeoutError,Transient,MODBUS.TIMEOUT,Device,Error,ss.error.comm,"device=GW-LINE-B, transport=lineB, unit=2, DiscreteInput@0, elapsed=2109ms, consecutive=2"
59054,2026-09-16 00:26:26.815,TimeoutError,Transient,MODBUS.TIMEOUT,Device,Error,ss.error.comm,"device=GW-LINE-B, transport=lineB, unit=2, InputRegister@18, elapsed=2093ms, consecutive=1"
59139,2026-09-16 00:26:30.018,TimeoutError,Transient,MODBUS.TIMEOUT,Device,Error,ss.error.comm,"device=GW-LINE-B, transport=lineB, unit=4, DiscreteInput@4, elapsed=2094ms, consecutive=1"
59238,2026-09-16 00:26:34.345,TimeoutError,Transient,MODBUS.TIMEOUT,Device,Error,ss.error.comm,"device=GW-LINE-B, transport=lineB, unit=2, InputRegister@52, elapsed=2094ms, consecutive=1"
59307,2026-09-16 00:26:37.552,TimeoutError,Transient,MODBUS.TIMEOUT,Device,Error,ss.error.comm,"device=GW-LINE-B, transport=lineB, unit=3, HoldingRegister@8, elapsed=2094ms, consecutive=1"
59366,2026-09-16 00:26:39.657,TimeoutError,Transient,MODBUS.TIMEOUT,Device,Error,ss.error.comm,"device=GW-LINE-B, transport=lineB, unit=3, HoldingRegister@24, elapsed=2109ms, consecutive=1"
59443,2026-09-16 00:26:42.854,TimeoutError,Transient,MODBUS.TIMEOUT,Device,Error,ss.error.comm,"device=GW-LINE-B, transport=lineB, unit=4, InputRegister@60, elapsed=2094ms, consecutive=1"
59503,2026-09-16 00:26:44.955,TimeoutError,Transient,MODBUS.TIMEOUT,Device,Error,ss.error.comm,"device=GW-LINE-B, transport=lineB, unit=4, HoldingRegister@1, elapsed=2109ms, consecutive=1"
59577,2026-09-16 00:26:48.142,TimeoutError,Transient,MODBUS.TIMEOUT,Device,Error,ss.error.comm,"device=GW-LINE-B, transport=lineB, unit=2, DiscreteInput@0, elapsed=2094ms, consecutive=2"
59638,2026-09-16 00:26:50.235,TimeoutError,Transient,MODBUS.TIMEOUT,Device,Error,ss.error.comm,"device=GW-LINE-B, transport=lineB, unit=2, InputRegister@18, elapsed=2093ms, consecutive=1"
59736,2026-09-16 00:26:54.533,TimeoutError,Transient,MODBUS.TIMEOUT,Device,Error,ss.error.comm,"device=GW-LINE-B, transport=lineB, unit=3, HoldingRegister@0, elapsed=2094ms, consecutive=1"
59970,2026-09-16 00:27:03.252,TimeoutError,Transient,MODBUS.TIMEOUT,Device,Error,ss.error.comm,"device=GW-LINE-B, transport=lineB, unit=2, DiscreteInput@0, elapsed=2094ms, consecutive=2"
60017,2026-09-16 00:27:05.362,TimeoutError,Transient,MODBUS.TIMEOUT,Device,Error,ss.error.comm,"device=GW-LINE-B, transport=lineB, unit=3, DiscreteInput@1, elapsed=2109ms, consecutive=2"
60207,2026-09-16 00:27:12.972,TimeoutError,Transient,MODBUS.TIMEOUT,Device,Error,ss.error.comm,"device=GW-LINE-B, transport=lineB, unit=3, InputRegister@9, elapsed=2094ms, consecutive=2"
60282,2026-09-16 00:27:16.174,TimeoutError,Transient,MODBUS.TIMEOUT,Device,Error,ss.error.comm,"device=GW-LINE-B, transport=lineB, unit=4, HoldingRegister@1, elapsed=2110ms, consecutive=1"
60391,2026-09-16 00:27:20.471,TimeoutError,Transient,MODBUS.TIMEOUT,Device,Error,ss.error.comm,"device=GW-LINE-B, transport=lineB, unit=3, DiscreteInput@1, elapsed=2094ms, consecutive=2"
60475,2026-09-16 00:27:23.658,TimeoutError,Transient,MODBUS.TIMEOUT,Device,Error,ss.error.comm,"device=GW-LINE-B, transport=lineB, unit=2, InputRegister@10, elapsed=2094ms, consecutive=2"
60557,2026-09-16 00:27:26.863,TimeoutError,Transient,MODBUS.TIMEOUT,Device,Error,ss.error.comm,"device=GW-LINE-B, transport=lineB, unit=2, HoldingRegister@1, elapsed=2109ms, consecutive=1"
60624,2026-09-16 00:27:28.956,TimeoutError,Transient,MODBUS.TIMEOUT,Device,Error,ss.error.comm,"device=GW-LINE-B, transport=lineB, unit=3, InputRegister@9, elapsed=2094ms, consecutive=2"
60686,2026-09-16 00:27:32.160,TimeoutError,Transient,MODBUS.TIMEOUT,Device,Error,ss.error.comm,"device=GW-LINE-B, transport=lineB, unit=3, HoldingRegister@24, elapsed=2094ms, consecutive=1"
60740,2026-09-16 00:27:34.252,TimeoutError,Transient,MODBUS.TIMEOUT,Device,Error,ss.error.comm,"device=GW-LINE-B, transport=lineB, unit=4, InputRegister@22, elapsed=2094ms, consecutive=1"
60799,2026-09-16 00:27:36.368,TimeoutError,Transient,MODBUS.TIMEOUT,Device,Error,ss.error.comm,"device=GW-LINE-B, transport=lineB, unit=2, InputRegister@18, elapsed=2093ms, consecutive=1"
60902,2026-09-16 00:27:40.659,TimeoutError,Transient,MODBUS.TIMEOUT,Device,Error,ss.error.comm,"device=GW-LINE-B, transport=lineB, unit=3, HoldingRegister@0, elapsed=2094ms, consecutive=1"
60946,2026-09-16 00:27:42.753,TimeoutError,Transient,MODBUS.TIMEOUT,Device,Error,ss.error.comm,"device=GW-LINE-B, transport=lineB, unit=4, InputRegister@2, elapsed=2094ms, consecutive=11"
61105,2026-09-16 00:27:48.189,TimeoutError,Transient,MODBUS.TIMEOUT,Device,Error,ss.error.comm,"device=GW-LINE-B, transport=lineB, unit=2, HoldingRegister@8, elapsed=2140ms, consecutive=2"
61154,2026-09-16 00:27:50.283,TimeoutError,Transient,MODBUS.TIMEOUT,Device,Error,ss.error.comm,"device=GW-LINE-B, transport=lineB, unit=3, HoldingRegister@24, elapsed=2094ms, consecutive=1"
61195,2026-09-16 00:27:52.377,TimeoutError,Transient,MODBUS.TIMEOUT,Device,Error,ss.error.comm,"device=GW-LINE-B, transport=lineB, unit=4, InputRegister@16, elapsed=2094ms, consecutive=1"
61249,2026-09-16 00:27:54.473,TimeoutError,Transient,MODBUS.TIMEOUT,Device,Error,ss.error.comm,"device=GW-LINE-B, transport=lineB, unit=4, HoldingRegister@1, elapsed=2094ms, consecutive=1"
61290,2026-09-16 00:27:56.564,TimeoutError,Transient,MODBUS.TIMEOUT,Device,Error,ss.error.comm,"device=GW-LINE-B, transport=lineB, unit=4, HoldingRegister@10, elapsed=2093ms, consecutive=1"
61343,2026-09-16 00:27:58.659,TimeoutError,Transient,MODBUS.TIMEOUT,Device,Error,ss.error.comm,"device=GW-LINE-B, transport=lineB, unit=2, DiscreteInput@0, elapsed=2094ms, consecutive=2"
61460,2026-09-16 00:28:02.939,TimeoutError,Transient,MODBUS.TIMEOUT,Device,Error,ss.error.comm,"device=GW-LINE-B, transport=lineB, unit=3, InputRegister@15, elapsed=2093ms, consecutive=2"
61602,2026-09-16 00:28:07.237,TimeoutError,Transient,MODBUS.TIMEOUT,Device,Error,ss.error.comm,"device=GW-LINE-B, transport=lineB, unit=3, InputRegister@9, elapsed=2093ms, consecutive=2"
61695,2026-09-16 00:28:11.534,TimeoutError,Transient,MODBUS.TIMEOUT,Device,Error,ss.error.comm,"device=GW-LINE-B, transport=lineB, unit=4, InputRegister@22, elapsed=2094ms, consecutive=1"
61744,2026-09-16 00:28:13.628,TimeoutError,Transient,MODBUS.TIMEOUT,Device,Error,ss.error.comm,"device=GW-LINE-B, transport=lineB, unit=4, InputRegister@60, elapsed=2094ms, consecutive=1"
61791,2026-09-16 00:28:15.722,TimeoutError,Transient,MODBUS.TIMEOUT,Device,Error,ss.error.comm,"device=GW-LINE-B, transport=lineB, unit=4, HoldingRegister@10, elapsed=2094ms, consecutive=1"
61873,2026-09-16 00:28:18.954,TimeoutError,Transient,MODBUS.TIMEOUT,Device,Error,ss.error.comm,"device=GW-LINE-B, transport=lineB, unit=2, HoldingRegister@0, elapsed=2094ms, consecutive=1"
61939,2026-09-16 00:28:21.049,TimeoutError,Transient,MODBUS.TIMEOUT,Device,Error,ss.error.comm,"device=GW-LINE-B, transport=lineB, unit=3, DiscreteInput@1, elapsed=2094ms, consecutive=2"
61997,2026-09-16 00:28:23.143,TimeoutError,Transient,MODBUS.TIMEOUT,Device,Error,ss.error.comm,"device=GW-LINE-B, transport=lineB, unit=2, InputRegister@52, elapsed=2094ms, consecutive=1"
62045,2026-09-16 00:28:25.237,TimeoutError,Transient,MODBUS.TIMEOUT,Device,Error,ss.error.comm,"device=GW-LINE-B, transport=lineB, unit=3, InputRegister@9, elapsed=2093ms, consecutive=2"
62138,2026-09-16 00:28:29.517,TimeoutError,Transient,MODBUS.TIMEOUT,Device,Error,ss.error.comm,"device=GW-LINE-B, transport=lineB, unit=4, InputRegister@22, elapsed=2094ms, consecutive=1"
62189,2026-09-16 00:28:31.611,TimeoutError,Transient,MODBUS.TIMEOUT,Device,Error,ss.error.comm,"device=GW-LINE-B, transport=lineB, unit=4, HoldingRegister@1, elapsed=2093ms, consecutive=1"
62242,2026-09-16 00:28:33.705,TimeoutError,Transient,MODBUS.TIMEOUT,Device,Error,ss.error.comm,"device=GW-LINE-B, transport=lineB, unit=4, HoldingRegister@10, elapsed=2094ms, consecutive=1"
62281,2026-09-16 00:28:35.798,TimeoutError,Transient,MODBUS.TIMEOUT,Device,Error,ss.error.comm,"device=GW-LINE-B, transport=lineB, unit=2, DiscreteInput@0, elapsed=2094ms, consecutive=2"
62448,2026-09-16 00:28:41.190,TimeoutError,Transient,MODBUS.TIMEOUT,Device,Error,ss.error.comm,"device=GW-LINE-B, transport=lineB, unit=4, DiscreteInput@4, elapsed=2093ms, consecutive=1"
62583,2026-09-16 00:28:46.580,TimeoutError,Transient,MODBUS.TIMEOUT,Device,Error,ss.error.comm,"device=GW-LINE-B, transport=lineB, unit=4, InputRegister@22, elapsed=2094ms, consecutive=1"
62651,2026-09-16 00:28:49.768,TimeoutError,Transient,MODBUS.TIMEOUT,Device,Error,ss.error.comm,"device=GW-LINE-B, transport=lineB, unit=4, HoldingRegister@1, elapsed=2094ms, consecutive=1"
62711,2026-09-16 00:28:51.862,TimeoutError,Transient,MODBUS.TIMEOUT,Device,Error,ss.error.comm,"device=GW-LINE-B, transport=lineB, unit=2, InputRegister@18, elapsed=2093ms, consecutive=1"
62830,2026-09-16 00:28:56.142,TimeoutError,Transient,MODBUS.TIMEOUT,Device,Error,ss.error.comm,"device=GW-LINE-B, transport=lineB, unit=3, HoldingRegister@0, elapsed=2094ms, consecutive=1"
62882,2026-09-16 00:28:58.237,TimeoutError,Transient,MODBUS.TIMEOUT,Device,Error,ss.error.comm,"device=GW-LINE-B, transport=lineB, unit=4, DiscreteInput@4, elapsed=2093ms, consecutive=1"
62940,2026-09-16 00:29:00.330,TimeoutError,Transient,MODBUS.TIMEOUT,Device,Error,ss.error.comm,"device=GW-LINE-B, transport=lineB, unit=2, InputRegister@52, elapsed=2094ms, consecutive=1"
62983,2026-09-16 00:29:02.423,TimeoutError,Transient,MODBUS.TIMEOUT,Device,Error,ss.error.comm,"device=GW-LINE-B, transport=lineB, unit=2, HoldingRegister@1, elapsed=2094ms, consecutive=1"
63063,2026-09-16 00:29:05.612,TimeoutError,Transient,MODBUS.TIMEOUT,Device,Error,ss.error.comm,"device=GW-LINE-B, transport=lineB, unit=3, HoldingRegister@24, elapsed=2093ms, consecutive=1"
63110,2026-09-16 00:29:07.705,TimeoutError,Transient,MODBUS.TIMEOUT,Device,Error,ss.error.comm,"device=GW-LINE-B, transport=lineB, unit=4, InputRegister@22, elapsed=2094ms, consecutive=1"
63346,2026-09-16 00:29:17.455,TimeoutError,Transient,MODBUS.TIMEOUT,Device,Error,ss.error.comm,"device=GW-LINE-B, transport=lineB, unit=4, DiscreteInput@4, elapsed=2094ms, consecutive=1"
63402,2026-09-16 00:29:19.549,TimeoutError,Transient,MODBUS.TIMEOUT,Device,Error,ss.error.comm,"device=GW-LINE-B, transport=lineB, unit=2, InputRegister@10, elapsed=2094ms, consecutive=2"
63503,2026-09-16 00:29:23.831,TimeoutError,Transient,MODBUS.TIMEOUT,Device,Error,ss.error.comm,"device=GW-LINE-B, transport=lineB, unit=3, InputRegister@9, elapsed=2094ms, consecutive=2"
63627,2026-09-16 00:29:29.206,TimeoutError,Transient,MODBUS.TIMEOUT,Device,Error,ss.error.comm,"device=GW-LINE-B, transport=lineB, unit=4, HoldingRegister@1, elapsed=2094ms, consecutive=1"
